t,vyaw_measured,vyaw_variance
0.0,0.008025636082362798,6.4e-05
0.02,0.013161747217809442,6.4e-05
0.04,0.008186570052294994,6.4e-05
0.06,0.02391065333131539,6.4e-05
0.08,0.017438299619763346,6.4e-05
0.1,0.0035397778822638753,6.4e-05
0.12,0.003455780529543446,6.4e-05
0.14,0.009757573755882825,6.4e-05
0.16,-0.0007041534434054806,6.4e-05
0.18,0.015330306452259895,6.4e-05
0.2,0.00889280417474867,6.4e-05
0.22,0.008051671286868262,6.4e-05
0.24,0.011495629342166531,6.4e-05
0.26,0.019782639066952473,6.4e-05
0.28,0.007367642817500041,6.4e-05
0.3,0.005095677033028925,6.4e-05
0.32,0.01806975698658063,6.4e-05
0.34,0.013740403327929083,6.4e-05
0.36,0.003432161276930222,6.4e-05
0.38,0.006041491589272161,6.4e-05
0.4,0.007563047327510388,6.4e-05
0.42,0.008894503556839864,6.4e-05
0.44,-0.004852798807512911,6.4e-05
0.46,-0.006339876862412481,6.4e-05
0.48,-0.0010991201760196297,6.4e-05
0.5,-0.001717907544090738,6.4e-05
0.52,0.0008494078882199793,6.4e-05
0.54,0.011077685136720035,6.4e-05
0.56,0.004648566749402093,6.4e-05
0.58,0.007571156840081506,6.4e-05
0.6,-0.0037944272803380925,6.4e-05
0.62,0.002306862376632439,6.4e-05
0.64,0.010698061293958724,6.4e-05
0.66,0.010759619665414414,6.4e-05
0.68,0.00020340937449673645,6.4e-05
0.7000000000000001,0.007293299091036429,6.4e-05
0.72,0.023590782827858654,6.4e-05
0.74,0.005859216565954895,6.4e-05
0.76,0.0004545044308604373,6.4e-05
0.78,0.004609900885102719,6.4e-05
0.8,0.006737416860214665,6.4e-05
0.8200000000000001,0.004790652954475605,6.4e-05
0.84,0.005749162394587986,6.4e-05
0.86,-0.0055475743754947165,6.4e-05
0.88,-0.0017010438006876101,6.4e-05
0.9,0.00480531810342802,6.4e-05
0.92,0.0046778562398205065,6.4e-05
0.9400000000000001,0.0014704858011199955,6.4e-05
0.96,0.004583891311388505,6.4e-05
0.98,0.006488118843313643,6.4e-05
1.0,0.013115307652196203,6.4e-05
1.02,0.005206306118191593,6.4e-05
1.04,0.009192825642386026,6.4e-05
1.06,0.0016671975885286317,6.4e-05
1.08,0.010576765788787856,6.4e-05
1.1,0.009005842380898854,6.4e-05
1.12,0.012926536025438556,6.4e-05
1.1400000000000001,0.011707683699555903,6.4e-05
1.16,0.01070988498304917,6.4e-05
1.18,0.005212660730737758,6.4e-05
1.2,0.007959513816355745,6.4e-05
1.22,0.014508071427612212,6.4e-05
1.24,0.0007834034447776446,6.4e-05
1.26,0.0009727377704250749,6.4e-05
1.28,0.007451451183602896,6.4e-05
1.3,0.009322237522123628,6.4e-05
1.32,-0.0005928519941120359,6.4e-05
1.34,0.0054018994926935335,6.4e-05
1.36,0.005248009806169722,6.4e-05
1.3800000000000001,-0.011722240924827767,6.4e-05
1.4000000000000001,0.004243248085929923,6.4e-05
1.42,0.0047414573372122695,6.4e-05
1.44,0.004717656457415847,6.4e-05
1.46,0.017327314196618145,6.4e-05
1.48,-0.0037263863880710024,6.4e-05
1.5,-0.0005969805696369014,6.4e-05
1.52,-0.014897566386554673,6.4e-05
1.54,0.0021526666706068744,6.4e-05
1.56,0.0028348515669919926,6.4e-05
1.58,0.0019201825893259503,6.4e-05
1.6,0.01486141871587008,6.4e-05
1.62,0.012884940178695705,6.4e-05
1.6400000000000001,0.0066228537941384336,6.4e-05
1.6600000000000001,0.003035095571681102,6.4e-05
1.68,0.014209517344854912,6.4e-05
1.7,0.005841937121313187,6.4e-05
1.72,-0.0005461603113476625,6.4e-05
1.74,-0.007729989419876413,6.4e-05
1.76,0.0024694840488345385,6.4e-05
1.78,0.012037148937380868,6.4e-05
1.8,0.02421230951634472,6.4e-05
1.82,0.006492882769515807,6.4e-05
1.84,-0.00012284412096243407,6.4e-05
1.86,-0.0034797216662737114,6.4e-05
1.8800000000000001,0.010415639170444791,6.4e-05
1.9000000000000001,-0.008116928419074148,6.4e-05
1.92,0.010402760811239106,6.4e-05
1.94,0.012541692850103299,6.4e-05
1.96,0.009490235625862913,6.4e-05
1.98,0.004242706624491541,6.4e-05
2.0,0.010519525228374516,6.4e-05
2.02,0.0073675069690264,6.4e-05
2.04,-0.00022499073488473423,6.4e-05
2.06,0.020803298579000207,6.4e-05
2.08,0.0031865649631158694,6.4e-05
2.1,0.012206018403599275,6.4e-05
2.12,-0.013348914261565719,6.4e-05
2.14,0.01621176706224743,6.4e-05
2.16,0.017750109957236655,6.4e-05
2.18,0.006238670297013106,6.4e-05
2.2,0.010470168277902068,6.4e-05
2.22,0.010468121452860503,6.4e-05
2.24,0.0008577314428742057,6.4e-05
2.2600000000000002,0.010376978443514723,6.4e-05
2.2800000000000002,-0.0004690437589804433,6.4e-05
2.3000000000000003,0.001129944610837391,6.4e-05
2.32,0.01501554514569839,6.4e-05
2.34,0.013797261525601623,6.4e-05
2.36,0.0003489959830736593,6.4e-05
2.38,0.0001313892519916749,6.4e-05
2.4,0.0008352271803386225,6.4e-05
2.42,0.011861116531723927,6.4e-05
2.44,-0.0019998782464831777,6.4e-05
2.46,0.00885370111228762,6.4e-05
2.48,0.011974774485074356,6.4e-05
2.5,0.005294036397655199,6.4e-05
2.52,0.014080509574919423,6.4e-05
2.54,0.0035655186440816606,6.4e-05
2.56,0.004289155192048685,6.4e-05
2.58,-0.0018179698490548516,6.4e-05
2.6,0.014137418780961643,6.4e-05
2.62,-0.00013216357583096302,6.4e-05
2.64,0.008798174541720473,6.4e-05
2.66,0.005429471462992522,6.4e-05
2.68,-0.002422264504893301,6.4e-05
2.7,0.0011271748494134336,6.4e-05
2.72,0.017062977912325875,6.4e-05
2.74,0.007613260341075845,6.4e-05
2.7600000000000002,-0.002073202730934736,6.4e-05
2.7800000000000002,0.008442626298789535,6.4e-05
2.8000000000000003,0.004831087747243639,6.4e-05
2.82,0.033632371217953455,6.4e-05
2.84,0.00828099073073818,6.4e-05
2.86,0.002955001223469084,6.4e-05
2.88,0.017360223342296834,6.4e-05
2.9,-0.008728289338342764,6.4e-05
2.92,0.00675456125104878,6.4e-05
2.94,0.02195542795744858,6.4e-05
2.96,0.005070405725121968,6.4e-05
2.98,-0.007866408357184631,6.4e-05
3.0,0.0028326562847152182,6.4e-05
3.02,0.017636144327672295,6.4e-05
3.04,0.009008556770566169,6.4e-05
3.06,-0.0007108488761001421,6.4e-05
3.08,0.0005180575425678081,6.4e-05
3.1,0.0015223978308014936,6.4e-05
3.12,0.00888958307243197,6.4e-05
3.14,0.016705569063509226,6.4e-05
3.16,0.014419384102393368,6.4e-05
3.18,0.009648097456873029,6.4e-05
3.2,-0.0046531580804598655,6.4e-05
3.22,-0.0046234601119475305,6.4e-05
3.24,0.010266016169710106,6.4e-05
3.2600000000000002,-0.004763768783463155,6.4e-05
3.2800000000000002,0.004195463831451166,6.4e-05
3.3000000000000003,0.008433203569489416,6.4e-05
3.3200000000000003,-0.003100751962901511,6.4e-05
3.34,-0.0021940986748709077,6.4e-05
3.36,0.00524703148345745,6.4e-05
3.38,0.010029202300192431,6.4e-05
3.4,0.014492150163310053,6.4e-05
3.42,0.010856427478164416,6.4e-05
3.44,0.006589252759937556,6.4e-05
3.46,3.044197154360509e-05,6.4e-05
3.48,-0.0025672559667561535,6.4e-05
3.5,0.0019129832933668196,6.4e-05
3.52,0.009279484679844538,6.4e-05
3.54,0.008692989653018743,6.4e-05
3.56,-0.01079921588580098,6.4e-05
3.58,-0.0002854162261400235,6.4e-05
3.6,0.015636060412849248,6.4e-05
3.62,0.006633720382433116,6.4e-05
3.64,-0.005336071304823888,6.4e-05
3.66,0.02484656945278521,6.4e-05
3.68,0.005768466141481883,6.4e-05
3.7,0.009074671674507264,6.4e-05
3.72,0.009196198048361076,6.4e-05
3.74,0.0030592362707185113,6.4e-05
3.7600000000000002,0.00017941054542884582,6.4e-05
3.7800000000000002,0.022973399880527524,6.4e-05
3.8000000000000003,0.014025646956942006,6.4e-05
3.8200000000000003,0.012575497608869411,6.4e-05
3.84,0.010610313533745686,6.4e-05
3.86,-0.0020265391228934757,6.4e-05
3.88,0.016220241533922188,6.4e-05
3.9,-0.0007450612640939941,6.4e-05
3.92,0.008266294385205167,6.4e-05
3.94,-0.007115119243716552,6.4e-05
3.96,-0.010326870805180155,6.4e-05
3.98,0.008546329621224917,6.4e-05
4.0,-0.00047279413755926467,6.4e-05
4.0200000000000005,-0.009913340570378187,6.4e-05
4.04,0.010324876023576604,6.4e-05
4.0600000000000005,0.02296064616840631,6.4e-05
4.08,0.017116482068640495,6.4e-05
4.1,0.0039414569178746195,6.4e-05
4.12,0.0060707624535755655,6.4e-05
4.14,0.013101650054271306,6.4e-05
4.16,0.014977024158679256,6.4e-05
4.18,0.0032517142493944102,6.4e-05
4.2,0.006273421725796594,6.4e-05
4.22,0.008404918454116292,6.4e-05
4.24,0.010431010562230655,6.4e-05
4.26,0.004935388463909864,6.4e-05
4.28,0.005039318039450046,6.4e-05
4.3,0.017038658638035106,6.4e-05
4.32,0.01567616561954309,6.4e-05
4.34,0.009819284587488706,6.4e-05
4.36,0.01975287256018343,6.4e-05
4.38,0.002908433902188664,6.4e-05
4.4,0.018983787589035045,6.4e-05
4.42,0.010340123548284404,6.4e-05
4.44,0.03216820897771672,6.4e-05
4.46,-0.0035398554142598224,6.4e-05
4.48,0.00048523798226126746,6.4e-05
4.5,0.009350382625604382,6.4e-05
4.5200000000000005,0.009177872423831935,6.4e-05
4.54,0.02160111187340015,6.4e-05
4.5600000000000005,0.0006530025336037287,6.4e-05
4.58,0.013239348149551074,6.4e-05
4.6000000000000005,0.015299704037455966,6.4e-05
4.62,0.01163718265776518,6.4e-05
4.64,-0.0016879707353945608,6.4e-05
4.66,0.017262070442033584,6.4e-05
4.68,0.01583459945052331,6.4e-05
4.7,0.01079667615832302,6.4e-05
4.72,0.007634781497671633,6.4e-05
4.74,0.0078088640803549705,6.4e-05
4.76,0.005370113662084978,6.4e-05
4.78,0.011126281074021135,6.4e-05
4.8,0.006249078823559821,6.4e-05
4.82,-0.0007881998028211297,6.4e-05
4.84,-0.002388733158620737,6.4e-05
4.86,-1.6290029218336485e-05,6.4e-05
4.88,0.007777057940395614,6.4e-05
4.9,0.005784353308518342,6.4e-05
4.92,0.007722750346309994,6.4e-05
4.94,0.01000650506836889,6.4e-05
4.96,0.0009814325926649683,6.4e-05
4.98,0.01772528134676278,6.4e-05
5.0,0.003858313383620205,6.4e-05
5.0200000000000005,0.002532584121747928,6.4e-05
5.04,0.00985908989865962,6.4e-05
5.0600000000000005,-0.008692081619000583,6.4e-05
5.08,-0.00032427559778335467,6.4e-05
5.1000000000000005,0.013848582389534663,6.4e-05
5.12,-0.007899375432496886,6.4e-05
5.14,0.014940593575465247,6.4e-05
5.16,0.018089092530873076,6.4e-05
5.18,0.0030443572974100134,6.4e-05
5.2,0.00833450213941048,6.4e-05
5.22,0.014952696678808212,6.4e-05
5.24,0.0022656864956518423,6.4e-05
5.26,0.012942204164209452,6.4e-05
5.28,0.0006308096389546275,6.4e-05
5.3,0.0021791816533345654,6.4e-05
5.32,-0.0003946917145997899,6.4e-05
5.34,0.008741177593558427,6.4e-05
5.36,0.015263752420524397,6.4e-05
5.38,0.0045270965430626855,6.4e-05
5.4,-0.004169993279299225,6.4e-05
5.42,-0.0026616545782945263,6.4e-05
5.44,0.009156795370964324,6.4e-05
5.46,0.020752931307154155,6.4e-05
5.48,0.00914979999451518,6.4e-05
5.5,0.0029048275947899786,6.4e-05
5.5200000000000005,0.012129471734802274,6.4e-05
5.54,0.00408401091530603,6.4e-05
5.5600000000000005,0.002973718261086349,6.4e-05
5.58,-0.0016676728455621084,6.4e-05
5.6000000000000005,0.017267590753970847,6.4e-05
5.62,-0.014313663339965308,6.4e-05
5.64,0.012382873602234154,6.4e-05
5.66,0.0022900404976197047,6.4e-05
5.68,0.0027172741483870986,6.4e-05
5.7,0.0195385212489425,6.4e-05
5.72,0.0002869512623995896,6.4e-05
5.74,0.0005594467677727186,6.4e-05
5.76,0.004956846088643757,6.4e-05
5.78,0.009310779086497906,6.4e-05
5.8,0.0024651537416570447,6.4e-05
5.82,-0.0065908714442870844,6.4e-05
5.84,-0.0009255854470541234,6.4e-05
5.86,0.016250670851716158,6.4e-05
5.88,0.0065982143130840915,6.4e-05
5.9,0.009608698269630577,6.4e-05
5.92,0.0039086303426156994,6.4e-05
5.94,0.0007240184306138431,6.4e-05
5.96,0.01942055559900329,6.4e-05
5.98,0.0044944651435913545,6.4e-05
6.0,0.002453040963782985,6.4e-05
6.0200000000000005,0.014769138930842717,6.4e-05
6.04,0.00022111712906091804,6.4e-05
6.0600000000000005,0.001242181249808026,6.4e-05
6.08,0.006081973472135184,6.4e-05
6.1000000000000005,0.006002160832705438,6.4e-05
6.12,0.008076890783225715,6.4e-05
6.140000000000001,0.022733352715163906,6.4e-05
6.16,0.008689985970818964,6.4e-05
6.18,-0.013024431702006402,6.4e-05
6.2,0.008610391547452488,6.4e-05
6.22,0.006303039955916791,6.4e-05
6.24,0.006347600194811662,6.4e-05
6.26,0.007967578475169365,6.4e-05
6.28,0.005770573698601605,6.4e-05
6.3,0.005579103255556888,6.4e-05
6.32,0.010904353678166289,6.4e-05
6.34,0.0016633536224439924,6.4e-05
6.36,-0.0015814906851134049,6.4e-05
6.38,0.03019025162097913,6.4e-05
6.4,0.0002731404497501328,6.4e-05
6.42,0.006801143299680612,6.4e-05
6.44,-0.005965282007002939,6.4e-05
6.46,0.006931747320411376,6.4e-05
6.48,-0.001465804405514681,6.4e-05
6.5,0.002460216457199913,6.4e-05
6.5200000000000005,0.01436051732616899,6.4e-05
6.54,0.00977607654702459,6.4e-05
6.5600000000000005,0.010547276196598553,6.4e-05
6.58,-0.008169638707134903,6.4e-05
6.6000000000000005,0.020695161358632103,6.4e-05
6.62,-0.0035350504875350016,6.4e-05
6.640000000000001,0.018228486514350918,6.4e-05
6.66,0.01417235092785189,6.4e-05
6.68,0.010618661934277442,6.4e-05
6.7,-0.000839878247267052,6.4e-05
6.72,0.007212718758556183,6.4e-05
6.74,0.0022326287148411216,6.4e-05
6.76,0.006232316572042334,6.4e-05
6.78,0.004001021927315522,6.4e-05
6.8,-0.010308884052579266,6.4e-05
6.82,0.014974273207876705,6.4e-05
6.84,0.005351142747605111,6.4e-05
6.86,0.002121596803982104,6.4e-05
6.88,0.0015173821373618583,6.4e-05
6.9,0.008867676610934145,6.4e-05
6.92,-0.0011500507063557774,6.4e-05
6.94,-0.012041404467792347,6.4e-05
6.96,0.00925703842566621,6.4e-05
6.98,0.010152823983654573,6.4e-05
7.0,0.004402945402578937,6.4e-05
7.0200000000000005,-0.003183223001520071,6.4e-05
7.04,0.006711484327114283,6.4e-05
7.0600000000000005,-0.00571625894650871,6.4e-05
7.08,-0.0022178447735012752,6.4e-05
7.1000000000000005,-5.583492033289089e-06,6.4e-05
7.12,0.012751512567132448,6.4e-05
7.140000000000001,0.003099112396504663,6.4e-05
7.16,0.0024170687057883155,6.4e-05
7.18,0.021637540123289972,6.4e-05
7.2,0.008819699977509712,6.4e-05
7.22,0.008711956083798609,6.4e-05
7.24,0.003042394038329801,6.4e-05
7.26,0.0012290266589057783,6.4e-05
7.28,-0.011491251520137203,6.4e-05
7.3,0.013749924255388467,6.4e-05
7.32,0.009586477646051033,6.4e-05
7.34,0.0045666720542926935,6.4e-05
7.36,0.004902186385309954,6.4e-05
7.38,0.011889154098088441,6.4e-05
7.4,-0.006437680584638825,6.4e-05
7.42,0.0012809493475695556,6.4e-05
7.44,-0.003090422903140244,6.4e-05
7.46,0.020172074259893973,6.4e-05
7.48,0.013005244254826406,6.4e-05
7.5,-0.011621541129082915,6.4e-05
7.5200000000000005,-0.006110093013119804,6.4e-05
7.54,0.00494123461314011,6.4e-05
7.5600000000000005,0.0022204783034206026,6.4e-05
7.58,-0.004595057664615107,6.4e-05
7.6000000000000005,0.021558097901203915,6.4e-05
7.62,0.008500319311860634,6.4e-05
7.640000000000001,0.009798530582904731,6.4e-05
7.66,0.0004638804061422889,6.4e-05
7.68,0.01177819317742402,6.4e-05
7.7,0.002956537912143906,6.4e-05
7.72,0.0037332546103400048,6.4e-05
7.74,0.010888015678602078,6.4e-05
7.76,-0.007031980520482397,6.4e-05
7.78,0.018776222878807862,6.4e-05
7.8,0.007459113717791006,6.4e-05
7.82,0.016247553670243393,6.4e-05
7.84,-0.002603358052950547,6.4e-05
7.86,-0.0013853209922255446,6.4e-05
7.88,-0.003295201772798498,6.4e-05
7.9,0.008002381381318712,6.4e-05
7.92,0.006527866415345969,6.4e-05
7.94,0.002284705446150556,6.4e-05
7.96,-0.002112553543082235,6.4e-05
7.98,-0.004132770157846738,6.4e-05
8.0,0.005612128796234753,6.4e-05
8.02,0.002275305763291199,6.4e-05
8.040000000000001,0.0005151440611339021,6.4e-05
8.06,0.018376715889052875,6.4e-05
8.08,0.005341394574458129,6.4e-05
8.1,0.0161603434714154,6.4e-05
8.120000000000001,0.0017339825385384276,6.4e-05
8.14,0.007958210270389255,6.4e-05
8.16,0.005556191869949321,6.4e-05
8.18,-0.0075809784761449815,6.4e-05
8.2,0.017426706450111303,6.4e-05
8.22,0.004918771143740673,6.4e-05
8.24,0.011971345757063684,6.4e-05
8.26,-1.6229779692475063e-05,6.4e-05
8.28,0.004681244947361883,6.4e-05
8.3,-0.0009348188793868381,6.4e-05
8.32,0.01588798786210715,6.4e-05
8.34,0.008491274779605406,6.4e-05
8.36,0.008936428213447105,6.4e-05
8.38,0.016865473176839833,6.4e-05
8.4,0.015250730375192183,6.4e-05
8.42,0.012122740289090283,6.4e-05
8.44,-0.005373818776299702,6.4e-05
8.46,0.00043456704386653135,6.4e-05
8.48,-0.002031105088090821,6.4e-05
8.5,0.011820269549006394,6.4e-05
8.52,0.007365215534000411,6.4e-05
8.540000000000001,-0.005124099469044758,6.4e-05
8.56,0.004490046295910179,6.4e-05
8.58,-0.005952898685750227,6.4e-05
8.6,0.005574748095441921,6.4e-05
8.620000000000001,-0.007242980031897477,6.4e-05
8.64,0.010230619947076903,6.4e-05
8.66,0.00902370100827259,6.4e-05
8.68,0.021263587946775055,6.4e-05
8.700000000000001,0.01278298631597874,6.4e-05
8.72,0.002616685953419978,6.4e-05
8.74,0.012544560746195888,6.4e-05
8.76,-0.005181311047561428,6.4e-05
8.78,-0.001699780829448684,6.4e-05
8.8,0.008665140256600881,6.4e-05
8.82,-0.011265997301983419,6.4e-05
8.84,0.005702713720528936,6.4e-05
8.86,-0.0021621063369473663,6.4e-05
8.88,0.006810456441226109,6.4e-05
8.9,-0.0026218908643781073,6.4e-05
8.92,0.00939398509964151,6.4e-05
8.94,0.006154619389339117,6.4e-05
8.96,0.017202927335050647,6.4e-05
8.98,0.006053876272812977,6.4e-05
9.0,-0.00014914243969173062,6.4e-05
9.02,0.004024913153381737,6.4e-05
9.040000000000001,-0.004753891176133852,6.4e-05
9.06,0.009249098037643521,6.4e-05
9.08,0.010718801970522178,6.4e-05
9.1,0.025753568293542542,6.4e-05
9.120000000000001,0.001025312075164762,6.4e-05
9.14,0.0038576434105985383,6.4e-05
9.16,0.0013939318044942752,6.4e-05
9.18,0.007696909609049793,6.4e-05
9.200000000000001,0.00905352427583691,6.4e-05
9.22,0.005573001244571914,6.4e-05
9.24,0.014690607334984257,6.4e-05
9.26,0.00106416396996178,6.4e-05
9.28,0.013889392383125697,6.4e-05
9.3,0.01030798282912866,6.4e-05
9.32,0.005903760640808428,6.4e-05
9.34,0.0034805068739428365,6.4e-05
9.36,0.025413342069850957,6.4e-05
9.38,-0.0005360692059366351,6.4e-05
9.4,0.008383465415747318,6.4e-05
9.42,-1.752561937060082e-06,6.4e-05
9.44,0.02028496598897045,6.4e-05
9.46,0.01309461063039363,6.4e-05
9.48,0.0005732009692708479,6.4e-05
9.5,0.010100759947449828,6.4e-05
9.52,0.008061565770212442,6.4e-05
9.540000000000001,0.00186700190420209,6.4e-05
9.56,0.012065313737825387,6.4e-05
9.58,0.00911444312883528,6.4e-05
9.6,0.007725589711087618,6.4e-05
9.620000000000001,0.00566464231006137,6.4e-05
9.64,0.009448435940797209,6.4e-05
9.66,0.007835101291939676,6.4e-05
9.68,0.006472746664200139,6.4e-05
9.700000000000001,0.0008718726720994925,6.4e-05
9.72,0.01955012992609994,6.4e-05
9.74,-0.0024033595467883757,6.4e-05
9.76,0.00942108975103796,6.4e-05
9.78,0.003438074061588537,6.4e-05
9.8,0.020076378155594397,6.4e-05
9.82,-0.0012278602977907251,6.4e-05
9.84,0.00011789390591734374,6.4e-05
9.86,-0.0017585445060946028,6.4e-05
9.88,0.008587720407604882,6.4e-05
9.9,-0.004984405276549135,6.4e-05
9.92,0.00217177204193787,6.4e-05
9.94,-0.01121892658283428,6.4e-05
9.96,0.007923370833024725,6.4e-05
9.98,0.001998281129949899,6.4e-05
10.0,0.29409554604854515,6.4e-05
10.02,0.31468487522379246,6.4e-05
10.040000000000001,0.29553866481292046,6.4e-05
10.06,0.3123755495202257,6.4e-05
10.08,0.3003916734080976,6.4e-05
10.1,0.3188125710231634,6.4e-05
10.120000000000001,0.3119964043114092,6.4e-05
10.14,0.29793561703300775,6.4e-05
10.16,0.29866333958231756,6.4e-05
10.18,0.3108442016417945,6.4e-05
10.200000000000001,0.30390097495431867,6.4e-05
10.22,0.30464525994382907,6.4e-05
10.24,0.3161779108941768,6.4e-05
10.26,0.30001048901304034,6.4e-05
10.28,0.30673035017740363,6.4e-05
10.3,0.3136370223492184,6.4e-05
10.32,0.3124729399070848,6.4e-05
10.34,0.3047230986598346,6.4e-05
10.36,0.3036887529531787,6.4e-05
10.38,0.29208947629983256,6.4e-05
10.4,0.2975500400586784,6.4e-05
10.42,0.3085468738125979,6.4e-05
10.44,0.3048969424884621,6.4e-05
10.46,0.3065994166285298,6.4e-05
10.48,0.3143140288770725,6.4e-05
10.5,0.2965014151275018,6.4e-05
10.52,0.3041105575821388,6.4e-05
10.540000000000001,0.30750968770728976,6.4e-05
10.56,0.3003667204994039,6.4e-05
10.58,0.3174518169114193,6.4e-05
10.6,0.31326869441290517,6.4e-05
10.620000000000001,0.30832106661671005,6.4e-05
10.64,0.3203538542346287,6.4e-05
10.66,0.29400883776311887,6.4e-05
10.68,0.30593818975115455,6.4e-05
10.700000000000001,0.3089306957514725,6.4e-05
10.72,0.29868355962564863,6.4e-05
10.74,0.30840571633454184,6.4e-05
10.76,0.29714734004969695,6.4e-05
10.78,0.31152445854619404,6.4e-05
10.8,0.31446267814503126,6.4e-05
10.82,0.30817866720902665,6.4e-05
10.84,0.29117761747948046,6.4e-05
10.86,0.2982656518306717,6.4e-05
10.88,0.3105176800257053,6.4e-05
10.9,0.30616958914809894,6.4e-05
10.92,0.2844479790584601,6.4e-05
10.94,0.31594264307094594,6.4e-05
10.96,0.30709325205003063,6.4e-05
10.98,0.29944740268799963,6.4e-05
11.0,0.3139596447805333,6.4e-05
11.02,0.3005796798967448,6.4e-05
11.040000000000001,0.30049238305916626,6.4e-05
11.06,0.30886682120811226,6.4e-05
11.08,0.32024830767393836,6.4e-05
11.1,0.3189886974237831,6.4e-05
11.120000000000001,0.30887769199123283,6.4e-05
11.14,0.30969908527080253,6.4e-05
11.16,0.3123319914566786,6.4e-05
11.18,0.2959441305970452,6.4e-05
11.200000000000001,0.31115318669721587,6.4e-05
11.22,0.3001274122548518,6.4e-05
11.24,0.30854782453437263,6.4e-05
11.26,0.3041802589791413,6.4e-05
11.28,0.3100096666169137,6.4e-05
11.3,0.30694482772005166,6.4e-05
11.32,0.2814157578334296,6.4e-05
11.34,0.30743113369364145,6.4e-05
11.36,0.3111372236183941,6.4e-05
11.38,0.3095674267867076,6.4e-05
11.4,0.30517931243033136,6.4e-05
11.42,0.31913729353544323,6.4e-05
11.44,0.3084909850329733,6.4e-05
11.46,0.30950138640154484,6.4e-05
11.48,0.31435593515240456,6.4e-05
11.5,0.3089007439975728,6.4e-05
11.52,0.2988158579726864,6.4e-05
11.540000000000001,0.28649330068976303,6.4e-05
11.56,0.30218303278385533,6.4e-05
11.58,0.3120875642070489,6.4e-05
11.6,0.30317522934865754,6.4e-05
11.620000000000001,0.31240942697825386,6.4e-05
11.64,0.30718982540736217,6.4e-05
11.66,0.31630452856209745,6.4e-05
11.68,0.3036382663430347,6.4e-05
11.700000000000001,0.3097409186125415,6.4e-05
11.72,0.3100470805162829,6.4e-05
11.74,0.31801281498104955,6.4e-05
11.76,0.29234690154932574,6.4e-05
11.78,0.3023327338035747,6.4e-05
11.8,0.312788128843108,6.4e-05
11.82,0.31836717183822916,6.4e-05
11.84,0.30792057210113666,6.4e-05
11.86,0.3036583666846281,6.4e-05
11.88,0.31205694694939556,6.4e-05
11.9,0.31294962140185345,6.4e-05
11.92,0.30312270657066154,6.4e-05
11.94,0.3086424584974204,6.4e-05
11.96,0.31544421809929574,6.4e-05
11.98,0.3211236719461956,6.4e-05
12.0,0.3119408396738823,6.4e-05
12.02,0.30635311117332475,6.4e-05
12.040000000000001,0.30556739859169674,6.4e-05
12.06,0.310459172457549,6.4e-05
12.08,0.3050746172601644,6.4e-05
12.1,0.3075171239921791,6.4e-05
12.120000000000001,0.297536989883753,6.4e-05
12.14,0.3163764575719293,6.4e-05
12.16,0.2968785221828106,6.4e-05
12.18,0.3025431059163759,6.4e-05
12.200000000000001,0.3067807460868145,6.4e-05
12.22,0.3219278950391091,6.4e-05
12.24,0.3026185361211814,6.4e-05
12.26,0.3006718734883168,6.4e-05
12.280000000000001,0.30159346466132964,6.4e-05
12.3,0.3192711773408905,6.4e-05
12.32,0.28350122405195183,6.4e-05
12.34,0.2979780959028113,6.4e-05
12.36,0.3278503096732764,6.4e-05
12.38,0.3107270565879331,6.4e-05
12.4,0.2971521204052862,6.4e-05
12.42,0.3056646561426018,6.4e-05
12.44,0.3065396365285429,6.4e-05
12.46,0.31276900196724483,6.4e-05
12.48,0.3207160160225805,6.4e-05
12.5,0.3091084134502337,6.4e-05
12.52,0.3016816935758963,6.4e-05
12.540000000000001,0.31229667553678564,6.4e-05
12.56,0.3004139784250971,6.4e-05
12.58,0.29773330003208776,6.4e-05
12.6,0.29192072902434846,6.4e-05
12.620000000000001,0.29347897284399677,6.4e-05
12.64,0.29882843875100584,6.4e-05
12.66,0.296577681858393,6.4e-05
12.68,0.3085058922189977,6.4e-05
12.700000000000001,0.2964047853934077,6.4e-05
12.72,0.28085066958380206,6.4e-05
12.74,0.2976487058032843,6.4e-05
12.76,0.30222512281822866,6.4e-05
12.780000000000001,0.30115640409702427,6.4e-05
12.8,0.3181561974344735,6.4e-05
12.82,0.3010916595256868,6.4e-05
12.84,0.3130473877055936,6.4e-05
12.86,0.3058481392025531,6.4e-05
12.88,0.3056615621946192,6.4e-05
12.9,0.2993169576892157,6.4e-05
12.92,0.30552973878735384,6.4e-05
12.94,0.29987923098482067,6.4e-05
12.96,0.30736019451403657,6.4e-05
12.98,0.30411000293901047,6.4e-05
13.0,0.2984429765344672,6.4e-05
13.02,0.31393515471760475,6.4e-05
13.040000000000001,0.3094147238401714,6.4e-05
13.06,0.302415498126862,6.4e-05
13.08,0.30716394437628247,6.4e-05
13.1,0.3053294198279843,6.4e-05
13.120000000000001,0.2990592725018938,6.4e-05
13.14,0.3065639698321693,6.4e-05
13.16,0.301031905961541,6.4e-05
13.18,0.2984405293150392,6.4e-05
13.200000000000001,0.2930178613578678,6.4e-05
13.22,0.30313114117169093,6.4e-05
13.24,0.31053576527666976,6.4e-05
13.26,0.3004427251729691,6.4e-05
13.280000000000001,0.3261656695372638,6.4e-05
13.3,0.31308548522922186,6.4e-05
13.32,0.31643464106128383,6.4e-05
13.34,0.31236194409659007,6.4e-05
13.36,0.32082291979950855,6.4e-05
13.38,0.29970398413221966,6.4e-05
13.4,0.285514100914731,6.4e-05
13.42,0.30243099513317695,6.4e-05
13.44,0.3104657486043803,6.4e-05
13.46,0.3072121357739838,6.4e-05
13.48,0.30820378088774225,6.4e-05
13.5,0.316567280021359,6.4e-05
13.52,0.30905646059569997,6.4e-05
13.540000000000001,0.3123913034207282,6.4e-05
13.56,0.29848349806517793,6.4e-05
13.58,0.2972368504862717,6.4e-05
13.6,0.3189129113841959,6.4e-05
13.620000000000001,0.3068072122811765,6.4e-05
13.64,0.3010141665324309,6.4e-05
13.66,0.30102884405162306,6.4e-05
13.68,0.30080701502689394,6.4e-05
13.700000000000001,0.30032832783163327,6.4e-05
13.72,0.2957348175791707,6.4e-05
13.74,0.2939966367822359,6.4e-05
13.76,0.30443996497876463,6.4e-05
13.780000000000001,0.3012565930374368,6.4e-05
13.8,0.3148572742835464,6.4e-05
13.82,0.3083446132261353,6.4e-05
13.84,0.30812254144062384,6.4e-05
13.86,0.3000550367395644,6.4e-05
13.88,0.3050317726737602,6.4e-05
13.9,0.30888800882905154,6.4e-05
13.92,0.3117295659177014,6.4e-05
13.94,0.30524886538785306,6.4e-05
13.96,0.3146329902345937,6.4e-05
13.98,0.3060639144712635,6.4e-05
14.0,0.31234277694814144,6.4e-05
14.02,0.3020811823312868,6.4e-05
14.040000000000001,0.29149929306745087,6.4e-05
14.06,0.3081468719041482,6.4e-05
14.08,0.311802592505173,6.4e-05
14.1,0.31060277865446057,6.4e-05
14.120000000000001,0.3093774932914995,6.4e-05
14.14,0.3032113042723601,6.4e-05
14.16,0.29954602998843527,6.4e-05
14.18,0.31041382615235025,6.4e-05
14.200000000000001,0.3094115793295862,6.4e-05
14.22,0.30151280727324936,6.4e-05
14.24,0.31487539351353644,6.4e-05
14.26,0.2989370758836192,6.4e-05
14.280000000000001,0.30133181296967165,6.4e-05
14.3,0.3190914016987333,6.4e-05
14.32,0.3129486555018713,6.4e-05
14.34,0.30313592555287183,6.4e-05
14.36,0.3082990456771484,6.4e-05
14.38,0.3072383379561907,6.4e-05
14.4,0.284035089080181,6.4e-05
14.42,0.29874820840421296,6.4e-05
14.44,0.30559322706312575,6.4e-05
14.46,0.30314710818752555,6.4e-05
14.48,0.30797682051864333,6.4e-05
14.5,0.31503585850358334,6.4e-05
14.52,0.30342771372276856,6.4e-05
14.540000000000001,0.29753876163101706,6.4e-05
14.56,0.30859881326808836,6.4e-05
14.58,0.30338701333145757,6.4e-05
14.6,0.3047514919934248,6.4e-05
14.620000000000001,0.30366581024677536,6.4e-05
14.64,0.32393470240008787,6.4e-05
14.66,0.2880743659120164,6.4e-05
14.68,0.3028933287749388,6.4e-05
14.700000000000001,0.30597048779481284,6.4e-05
14.72,0.2997508600617378,6.4e-05
14.74,0.31319860665702626,6.4e-05
14.76,0.3125060614297571,6.4e-05
14.780000000000001,0.30561796305209166,6.4e-05
14.8,0.3038346099572504,6.4e-05
14.82,0.30510434532614683,6.4e-05
14.84,0.3051617067708175,6.4e-05
14.86,0.3053730157749939,6.4e-05
14.88,0.3044960071878656,6.4e-05
14.9,0.30801959451673916,6.4e-05
14.92,0.31202569651862294,6.4e-05
14.94,0.2961579188192114,6.4e-05
14.96,0.2975946888061348,6.4e-05
14.98,0.2920118557641318,6.4e-05
15.0,0.012931179202860795,6.4e-05
15.02,0.008002586345523706,6.4e-05
15.040000000000001,0.010042140127462166,6.4e-05
15.06,-0.005435985906907748,6.4e-05
15.08,0.020279584983041107,6.4e-05
15.1,0.0011291927348371384,6.4e-05
15.120000000000001,0.0073456464568900474,6.4e-05
15.14,0.012835077285426976,6.4e-05
15.16,-0.0018958380463685743,6.4e-05
15.18,0.0016294051318986652,6.4e-05
15.200000000000001,0.007433374196806994,6.4e-05
15.22,0.02885978460371765,6.4e-05
15.24,0.008408997942816195,6.4e-05
15.26,0.018850889205045747,6.4e-05
15.280000000000001,0.015645385161535644,6.4e-05
15.3,0.00894408029195615,6.4e-05
15.32,-0.0019135661730454306,6.4e-05
15.34,0.01447802888654588,6.4e-05
15.36,-0.0059848827331843765,6.4e-05
15.38,0.018807000989416737,6.4e-05
15.4,0.007600042465746042,6.4e-05
15.42,-0.015201788378385409,6.4e-05
15.44,0.0032759512397452888,6.4e-05
15.46,0.011231582567383524,6.4e-05
15.48,0.004103809015681866,6.4e-05
15.5,0.011720046487948586,6.4e-05
15.52,-0.0008001933416983643,6.4e-05
15.540000000000001,-0.004447858982300859,6.4e-05
15.56,0.0054284367756191575,6.4e-05
15.58,0.006252525338319319,6.4e-05
15.6,0.003212925191501429,6.4e-05
15.620000000000001,0.015818329173137538,6.4e-05
15.64,-0.0008016590011124614,6.4e-05
15.66,0.008505324858658795,6.4e-05
15.68,0.006543759769309002,6.4e-05
15.700000000000001,-0.006453727617088668,6.4e-05
15.72,-0.004552241469348099,6.4e-05
15.74,0.0060952881299890516,6.4e-05
15.76,0.021849599989495712,6.4e-05
15.780000000000001,0.010634158495190487,6.4e-05
15.8,-0.007805078601157062,6.4e-05
15.82,-0.018883904520954703,6.4e-05
15.84,0.011864428744035038,6.4e-05
15.860000000000001,0.005230292136574408,6.4e-05
15.88,0.015130127756082957,6.4e-05
15.9,-0.0010457433656915318,6.4e-05
15.92,0.00880169998286821,6.4e-05
15.94,0.012769387704222902,6.4e-05
15.96,0.0024202908943481453,6.4e-05
15.98,0.0025913154381514768,6.4e-05
16.0,0.006202102648787124,6.4e-05
16.02,0.01034141077248263,6.4e-05
16.04,0.005885327963904712,6.4e-05
16.06,0.013791970702075891,6.4e-05
16.080000000000002,0.0023045184858637604,6.4e-05
16.1,-0.004627161643704877,6.4e-05
16.12,0.02181580294490544,6.4e-05
16.14,0.0011629301076604296,6.4e-05
16.16,0.0014524633302580216,6.4e-05
16.18,0.005473573431422525,6.4e-05
16.2,0.006537448877231849,6.4e-05
16.22,0.002906530860093737,6.4e-05
16.240000000000002,0.005860528824407928,6.4e-05
16.26,0.005681902148574608,6.4e-05
16.28,0.007398554616166456,6.4e-05
16.3,-0.01285989967189853,6.4e-05
16.32,0.021047010456062797,6.4e-05
16.34,0.00482169349172354,6.4e-05
16.36,0.010644980955575884,6.4e-05
16.38,-0.005024810732272194,6.4e-05
16.4,0.0022319979100059984,6.4e-05
16.42,0.0006214730694366838,6.4e-05
16.44,0.017757790116068362,6.4e-05
16.46,0.0013134911453129379,6.4e-05
16.48,0.01206463989552073,6.4e-05
16.5,0.0007966363786144392,6.4e-05
16.52,0.0023790484827684475,6.4e-05
16.54,0.004035598678394512,6.4e-05
16.56,0.016270761014634403,6.4e-05
16.580000000000002,-0.00911882127224095,6.4e-05
16.6,-0.004525308442195461,6.4e-05
16.62,-0.009578441325518534,6.4e-05
16.64,-0.002700016958091602,6.4e-05
16.66,-0.0004928004095368574,6.4e-05
16.68,-0.006915850032723112,6.4e-05
16.7,0.00012681802708264852,6.4e-05
16.72,-0.01011771584746732,6.4e-05
16.740000000000002,-0.00214390979014145,6.4e-05
16.76,0.015603363199281605,6.4e-05
16.78,0.009228704562248823,6.4e-05
16.8,0.0074997413773802216,6.4e-05
16.82,-0.002022228450232916,6.4e-05
16.84,-0.006288679672357793,6.4e-05
16.86,-0.003113248604274246,6.4e-05
16.88,0.00565432138483188,6.4e-05
16.9,0.012945414237813348,6.4e-05
16.92,0.013218939337082564,6.4e-05
16.94,0.011044898899866665,6.4e-05
16.96,9.95450874564461e-05,6.4e-05
16.98,0.006196398659231904,6.4e-05
17.0,0.003429259759702033,6.4e-05
17.02,0.0043904818920419975,6.4e-05
17.04,0.022297023175678506,6.4e-05
17.06,-0.0080960018960289,6.4e-05
17.080000000000002,0.004122585472621914,6.4e-05
17.1,0.015693991257569255,6.4e-05
17.12,-0.005727131960268306,6.4e-05
17.14,0.0008500205978699965,6.4e-05
17.16,0.0017676920194588837,6.4e-05
17.18,0.004213682223568124,6.4e-05
17.2,-0.006767657276849737,6.4e-05
17.22,0.010762288482704316,6.4e-05
17.240000000000002,0.011330298260105152,6.4e-05
17.26,0.010067002600143583,6.4e-05
17.28,-0.0009629893943286514,6.4e-05
17.3,0.0066920863262983615,6.4e-05
17.32,-0.0011955219165526998,6.4e-05
17.34,0.0033392267138278985,6.4e-05
17.36,0.023227743417367025,6.4e-05
17.38,0.006765563020770048,6.4e-05
17.400000000000002,-0.0035002126078973878,6.4e-05
17.42,0.007442682725311311,6.4e-05
17.44,-0.004814367408506477,6.4e-05
17.46,-0.0035920831401200937,6.4e-05
17.48,-0.0023289850875903278,6.4e-05
17.5,0.002445524382434532,6.4e-05
17.52,0.013495751964713613,6.4e-05
17.54,0.010627185584134714,6.4e-05
17.56,0.010183962625978628,6.4e-05
17.580000000000002,-0.00279139652472434,6.4e-05
17.6,0.0016694851565148107,6.4e-05
17.62,0.008176008855065506,6.4e-05
17.64,0.0009734401168926968,6.4e-05
17.66,0.0037730684775912128,6.4e-05
17.68,0.009530869540239597,6.4e-05
17.7,0.003209818550389584,6.4e-05
17.72,0.007808476712816202,6.4e-05
17.740000000000002,0.01874182764815655,6.4e-05
17.76,0.00462512960810402,6.4e-05
17.78,0.01543470247775365,6.4e-05
17.8,0.010474960538458866,6.4e-05
17.82,-0.0057379359478941325,6.4e-05
17.84,-0.0028170962341081927,6.4e-05
17.86,-0.0006687670645591712,6.4e-05
17.88,-0.0008386793354622666,6.4e-05
17.900000000000002,0.005277682031145486,6.4e-05
17.92,0.010917152384654578,6.4e-05
17.94,0.016041267333637782,6.4e-05
17.96,0.008465400709800659,6.4e-05
17.98,0.0024345635515743216,6.4e-05
18.0,-0.010657929949038995,6.4e-05
18.02,0.006564716603338704,6.4e-05
18.04,0.0062061615495599305,6.4e-05
18.06,0.007463430028311662,6.4e-05
18.080000000000002,0.022849922381626663,6.4e-05
18.1,0.01592477236954458,6.4e-05
18.12,0.012280487345999886,6.4e-05
18.14,-0.0016966170405727987,6.4e-05
18.16,0.001896042006426052,6.4e-05
18.18,0.0052412431445719825,6.4e-05
18.2,-0.00020325699208282883,6.4e-05
18.22,0.010003716199880944,6.4e-05
18.240000000000002,0.008855270793725636,6.4e-05
18.26,-0.0027064623444375407,6.4e-05
18.28,0.015574533672768995,6.4e-05
18.3,0.006818482670470883,6.4e-05
18.32,-0.00783256917393801,6.4e-05
18.34,0.005589257133240245,6.4e-05
18.36,0.00824965164738324,6.4e-05
18.38,0.013782338891485925,6.4e-05
18.400000000000002,0.0033001887749870697,6.4e-05
18.42,0.012623506139577658,6.4e-05
18.44,0.007497135894161726,6.4e-05
18.46,-0.0045204368723006354,6.4e-05
18.48,-0.00532133418786011,6.4e-05
18.5,0.014980478961194789,6.4e-05
18.52,0.015567873427054154,6.4e-05
18.54,0.008583273843237784,6.4e-05
18.56,0.01796565376944023,6.4e-05
18.580000000000002,0.014452878792332854,6.4e-05
18.6,0.01146902983583777,6.4e-05
18.62,-0.0012904919098693747,6.4e-05
18.64,0.019851430008258748,6.4e-05
18.66,0.010290411457666184,6.4e-05
18.68,0.002913289803107027,6.4e-05
18.7,0.0006538399575576163,6.4e-05
18.72,0.008054270252110855,6.4e-05
18.740000000000002,-0.007368472678707638,6.4e-05
18.76,0.011597386202822902,6.4e-05
18.78,-0.0016285665175522143,6.4e-05
18.8,0.008964864870594294,6.4e-05
18.82,0.001827037301134724,6.4e-05
18.84,0.003884650298202371,6.4e-05
18.86,-5.527898212051834e-05,6.4e-05
18.88,0.004710164550553588,6.4e-05
18.900000000000002,0.021115036368138832,6.4e-05
18.92,0.017080477016389123,6.4e-05
18.94,0.008835831639963654,6.4e-05
18.96,0.0057976458754803815,6.4e-05
18.98,0.01275360952554308,6.4e-05
19.0,0.015039763152860453,6.4e-05
19.02,-0.000638547057660234,6.4e-05
19.04,0.005380489058942383,6.4e-05
19.06,-0.008575665836544642,6.4e-05
19.080000000000002,0.01498481688208716,6.4e-05
19.1,0.022520194061606845,6.4e-05
19.12,0.0066406609969846845,6.4e-05
19.14,-0.011000080999224131,6.4e-05
19.16,0.010871124132616249,6.4e-05
19.18,-0.0012327133291926426,6.4e-05
19.2,0.0006932044666843199,6.4e-05
19.22,0.01101261111832803,6.4e-05
19.240000000000002,0.008036433004101794,6.4e-05
19.26,0.0020951297972911865,6.4e-05
19.28,0.0008031549391866854,6.4e-05
19.3,0.007006688441766662,6.4e-05
19.32,0.0027242755799010603,6.4e-05
19.34,-0.0028738970688240596,6.4e-05
19.36,0.0033394945481731195,6.4e-05
19.38,0.008716740986041473,6.4e-05
19.400000000000002,0.004575172265442933,6.4e-05
19.42,-0.005308068785985482,6.4e-05
19.44,0.013912516971004315,6.4e-05
19.46,-0.015910491495546672,6.4e-05
19.48,0.002429078759772518,6.4e-05
19.5,0.0010384123635686733,6.4e-05
19.52,0.007185431022971318,6.4e-05
19.54,0.010493294462421884,6.4e-05
19.56,0.015014118466088282,6.4e-05
19.580000000000002,0.0003007610131827189,6.4e-05
19.6,0.010692658698667853,6.4e-05
19.62,0.007566547103051689,6.4e-05
19.64,-0.007692315001465786,6.4e-05
19.66,0.02120432204347288,6.4e-05
19.68,-0.005510201017921596,6.4e-05
19.7,0.00935597817847772,6.4e-05
19.72,0.009119679553581981,6.4e-05
19.740000000000002,0.008205094258632617,6.4e-05
19.76,0.0020433849427071403,6.4e-05
19.78,0.012618021209124019,6.4e-05
19.8,-0.006482939791544764,6.4e-05
19.82,0.005473369690608617,6.4e-05
19.84,0.0014890025875803322,6.4e-05
19.86,0.0005816164634637475,6.4e-05
19.88,0.009429982299628367,6.4e-05
19.900000000000002,0.014619828341757466,6.4e-05
19.92,0.0032539539053050713,6.4e-05
19.94,0.012245448719406221,6.4e-05
19.96,0.006397925323556788,6.4e-05
19.98,-0.0011418576739040684,6.4e-05
